Workbook

Sheet Matriz Ckeck LIst
B3: MATRIZ PARA COMPROBACIÓN REQUERIMIENTOS DE CALIDAD DE PROYECTO ACADEMICO
B5: SISTEMA: | E5: Sistema de planificación y seguimiento de eventos sociales y deportivos del Club de Suboficiales Retirados (EVENTUAL)
B6: Requerimientos Funcionales
B7: Nº | C7: CRITERIOS DE CALIDAD (Documento/Requerimientos) | E7: Status Nivel de Acuerdo | F7: CU001 Acceso al software | G7: Status Nivel de Acuerdo | I7: CU002 Generar reportes | J7: Status Nivel de Acuerdo | K7: CU003 Consultar Calendario de Eventos
B9: 1 | C9: Agreed | E9: OK | F9: 1. Videoconferencia de la entrevista 2. Minuta de la entrevista 3. Aceptación por videoconferencia | G9: OK | I9: 1. Videoconferencia de la entrevista 2. Minuta de la entrevista 3. Aceptación por videoconferencia | J9: OK | K9: 1. Videoconferencia de la entrevista 2. Minuta de la entrevista 3. Aceptación por videoconferencia
B10: 2 | C10: Ranked | E10: OK | F10: 1. En la descripción del caso de Uso se especifica la prioridad Alta | G10: OK | I10: 1. En la descripción del caso de Uso se especifica la prioridad Alta | J10: OK | K10: 1. En la descripción del caso de Uso se especifica la prioridad Alta
B11: 3 | C11: Unambiguos | E11: OK | F11: 1. Redacción en lenguaje claro. 2. El tutor y el equipo interpretan de igual manera el caso de uso | G11: OK | I11: 1. Redacción en lenguaje claro. 2. El tutor y el equipo interpretan de igual manera el caso de uso | J11: OK | K11: 1. Redacción en lenguaje claro. 2. El tutor y el equipo interpretan de igual manera el caso de uso
B12: 4 | C12: Valid and up-to date | E12: OK | F12: 1. Toda nueva información ha sido incorporada, se han incorporado los últimos cambios pedidos luego del feedback realizado por el cliente | G12: OK | I12: 1. Toda nueva información ha sido incorporada, se han incorporado los últimos cambios pedidos luego del feedback realizado por el cliente | J12: OK | K12: 1. Toda nueva información ha sido incorporada, se han incorporado los últimos cambios pedidos luego del feedback realizado por el cliente
B13: 5 | C13: Correct | E13: OK | F13: 1. Está alineado con los objetivos del sistema. 2. Refleja lo que realmente necesita el cliente. | G13: OK | I13: 1. Está alineado con los objetivos del sistema. 2. Refleja lo que realmente necesita el cliente. | J13: OK | K13: 1. Está alineado con los objetivos del sistema. 2. Refleja lo que realmente necesita el cliente.
B14: 6 | C14: Consisten | E14: OK | F14: 1. Documentación basada en modelos: Diagrama de Casos de Uso 2. Usa términos definidos previamente. | G14: OK | I14: 1. Documentación basada en modelos: Diagrama de Casos de Uso 2. Usa términos definidos previamente. | J14: OK | K14: 1. Documentación basada en modelos: Diagrama de Casos de Uso 2. Usa términos definidos previamente.
B15: 7 | C15: Verifiable | E15: OK | F15: 1. Requisito Medible 2. Tiene Casos de Prueba | G15: OK | I15: 1. Requisito Medible 2. Tiene Casos de Prueba | J15: OK | K15: 1. Requisito Medible 2. Tiene Casos de Prueba
B16: 8 | C16: Realizable | E16: OK | F16: 1. Funcionalidad tomada en cuenta dentro de la estimación del costo del proyecto ($1827) 2. No se ha desarrollado | G16: OK | I16: 1. Funcionalidad tomada en cuenta dentro de la estimación del costo del proyecto ($1827) 2. No se ha desarrollado | J16: OK | K16: 1. Funcionalidad tomada en cuenta dentro de la estimación del costo del proyecto ($1827) 2. No se ha desarrollado
B17: 9 | C17: Traceable | E17: OK | F17: 1. Es claro el origen del requisito y sus relaciones con otros requisitos (matriz de trazabilidad cliente/casos de uso y casos de uso/casos de uso) 2. Cuenta con un identificador único | G17: OK | I17: 1. Es claro el origen del requisito y sus relaciones con otros requisitos (matriz de trazabilidad cliente/casos de uso y casos de uso/casos de uso) 2. Cuenta con un identificador único | J17: OK | K17: 1. Es claro el origen del requisito y sus relaciones con otros requisitos (matriz de trazabilidad cliente/casos de uso y casos de uso/casos de uso) 2. Cuenta con un identificador único
B18: 10 | C18: Complete | E18: OK | F18: 1. Contiene toda la información necesaria (entradas, salidas, precondiciones, postcondiciones) para entender y diseñar la función. 2. Describe completamente la funcionalidad esperada. | G18: OK | I18: 1. Contiene toda la información necesaria (entradas, salidas, precondiciones, postcondiciones) para entender y diseñar la función. 2. Describe completamente la funcionalidad esperada. | J18: OK | K18: 1. Contiene toda la información necesaria (entradas, salidas, precondiciones, postcondiciones) para entender y diseñar la función. 2. Describe completamente la funcionalidad esperada.
B19: 11 | C19: Understandability | E19: OK | F19: 1. Se involucra al cliente 2. Existe glosario de términos | G19: OK | I19: 1. Se involucra al cliente 2. Existe glosario de términos | J19: OK | K19: 1. Se involucra al cliente 2. Existe glosario de términos

Sheet MODELO LISTA DE COMPROBACION
A1: SISTEMA: | C1: Sistema de planificación y seguimiento de eventos sociales y deportivos del Club de Suboficiales Retirados (EVENTUAL) | F1: SISTEMA: | H1: Sistema de planificación y seguimiento de eventos sociales y deportivos del Club de Suboficiales Retirados (EVENTUAL) | K1: SISTEMA: | M1: Sistema de planificación y seguimiento de eventos sociales y deportivos del Club de Suboficiales Retirados (EVENTUAL)
A2: FECHA: | C2: 46126 | F2: FECHA: | H2: 46126 | K2: FECHA: | M2: 46126
A3: AUTOR: | C3: Alex Cuzco | F3: AUTOR: | H3: Pablo Domínguez | K3: AUTOR: | M3: Dylan Alvarado
A4: REQUERIMIENTOS EVALUADOS : | C4: CU001 Acceso al software | F4: REQUERIMIENTOS EVALUADOS : | H4: CU002 Generar reportes | K4: REQUERIMIENTOS EVALUADOS : | M4: CU003 Consultar Calendario de Eventos
A6: CONTENIDO | F6: CONTENIDO | K6: CONTENIDO
A7: No. | B7: Pregunta | C7: SI | D7: NO | F7: No. | G7: Pregunta | H7: SI | I7: NO | K7: No. | L7: Pregunta | M7: SI | N7: NO
A8: 1 | B8: Todos los requerimientos relevantes se han documentado? | C8: X | F8: 1 | G8: Todos los requerimientos relevantes se han documentado? | H8: X | K8: 1 | L8: Todos los requerimientos relevantes se han documentado? | M8: X
A9: 2 | B9: Se han implementado las funciones requeridas? | C9: X | F9: 2 | G9: Se han implementado las funciones requeridas? | H9: X | K9: 2 | L9: Se han implementado las funciones requeridas? | M9: X
A10: 3 | B10: Existe algún mecanismo que permita seguir el impacto de dicho requerimiento a lo largo del resto de las actividades del ciclo productivo.? | C10: X | F10: 3 | G10: Existe algún mecanismo que permita seguir el impacto de dicho requerimiento a lo largo del resto de las actividades del ciclo productivo.? | I10: X | K10: 3 | L10: Existe algún mecanismo que permita seguir el impacto de dicho requerimiento a lo largo del resto de las actividades del ciclo productivo.? | N10: X
A11: 4 | B11: El origen de cada requerimento individual está claro ? | C11: X | F11: 4 | G11: El origen de cada requerimento individual está claro ? | H11: X | K11: 4 | L11: El origen de cada requerimento individual está claro ? | M11: X
A12: 5 | B12: Que tan facil es devolverse a los requerimientos? | C12: X | F12: 5 | G12: Que tan facil es devolverse a los requerimientos? | H12: X | K12: 5 | L12: Que tan facil es devolverse a los requerimientos? | M12: X
A13: 6 | B13: Los requerimientos reflejan las necesidades y deseos del cliente? | C13: X | F13: 6 | G13: Los requerimientos reflejan las necesidades y deseos del cliente? | H13: X | K13: 6 | L13: Los requerimientos reflejan las necesidades y deseos del cliente? | M13: X
A14: 7 | B14: No hay contradicciones entre los requerimientos? | C14: X | F14: 7 | G14: No hay contradicciones entre los requerimientos? | H14: X | K14: 7 | L14: No hay contradicciones entre los requerimientos? | M14: X
A15: 8 | B15: El requerimiento que se esta especificando contribuye a alcanzar un objetivo definido ? | C15: X | F15: 8 | G15: El requerimiento que se esta especificando contribuye a alcanzar un objetivo definido ? | H15: X | K15: 8 | L15: El requerimiento que se esta especificando contribuye a alcanzar un objetivo definido ? | M15: X
A16: 9 | B16: Existe un proceso acotado (en plazo y presupuesto) que permita determinar que el sistema construido satisface lo descrito en el propio requerimiento? | C16: X | F16: 9 | G16: Existe un proceso acotado (en plazo y presupuesto) que permita determinar que el sistema construido satisface lo descrito en el propio requerimiento? | H16: X | K16: 9 | L16: Existe un proceso acotado (en plazo y presupuesto) que permita determinar que el sistema construido satisface lo descrito en el propio requerimiento? | M16: X
A17: SUMATORIA: | C17: =COUNTA('MODELO LISTA DE COMPROBACION'!$C$8:$C$16) -> 9 | D17: =COUNTA('MODELO LISTA DE COMPROBACION'!$D$8:$D$16) -> 0 | F17: SUMATORIA: | H17: 8 | I17: 1 | K17: SUMATORIA: | M17: =COUNTA('MODELO LISTA DE COMPROBACION'!$M$8:$M$16) -> 8 | N17: =COUNTA('MODELO LISTA DE COMPROBACION'!$N$8:$N$16) -> 1
A18: PORCENTAJE : | C18: =C17/9 -> 1 | D18: =D17/9 -> 0 | F18: PORCENTAJE : | H18: =H17/9 -> 0.88888889 | I18: =I17/9 -> 0.11111111 | K18: PORCENTAJE : | M18: =M17/9 -> 0.88888889 | N18: =N17/9 -> 0.11111111
A20: DOCUMENTACIÓN | F20: DOCUMENTACIÓN | K20: DOCUMENTACIÓN
A21: No. | B21: Pregunta | C21: SI | D21: NO | F21: No. | G21: Pregunta | H21: SI | I21: NO | K21: No. | L21: Pregunta | M21: SI | N21: NO
A22: 1 | B22: Aplica un estandar para la documetación de requerimiento? | C22: X | F22: 1 | G22: Aplica un estandar para la documetación de requerimiento? | H22: X | K22: 1 | L22: Aplica un estandar para la documetación de requerimiento? | M22: X
A23: 2 | B23: Cumple con la estructura definida por el estandar? | C23: X | F23: 2 | G23: Cumple con la estructura definida por el estandar? | H23: X | K23: 2 | L23: Cumple con la estructura definida por el estandar? | M23: X
A24: 3 | B24: Utiliza un Glosario de términos normalizado? | C24: X | F24: 3 | G24: Utiliza un Glosario de términos normalizado? | H24: X | K24: 3 | L24: Utiliza un Glosario de términos normalizado? | M24: X
A25: 4 | B25: Los requerimientos Funcionales estan sujetos a una única interpretación? | C25: X | F25: 4 | G25: Los requerimientos Funcionales estan sujetos a una única interpretación? | H25: X | K25: 4 | L25: Los requerimientos Funcionales estan sujetos a una única interpretación? | M25: X
A26: 5 | B26: El modelo aplicado cumple con la sintaxis? | C26: X | F26: 5 | G26: El modelo aplicado cumple con la sintaxis? | H26: X | K26: 5 | L26: El modelo aplicado cumple con la sintaxis? | M26: X
A27: SUMATORIA: | C27: =COUNTA('MODELO LISTA DE COMPROBACION'!$C$22:$C$26) -> 5 | D27: =COUNTA('MODELO LISTA DE COMPROBACION'!$D$22:$D$26) -> 0 | F27: SUMATORIA: | H27: =COUNTA('MODELO LISTA DE COMPROBACION'!$C$22:$C$26) -> 5 | I27: =COUNTA('MODELO LISTA DE COMPROBACION'!$D$22:$D$26) -> 0 | K27: SUMATORIA: | M27: =COUNTA('MODELO LISTA DE COMPROBACION'!$C$22:$C$26) -> 5 | N27: =COUNTA('MODELO LISTA DE COMPROBACION'!$D$22:$D$26) -> 0
A28: PORCENTAJE : | C28: =C27/5 -> 1 | D28: =D27/5 -> 0 | F28: PORCENTAJE : | H28: =H27/5 -> 1 | I28: =I27/5 -> 0 | K28: PORCENTAJE : | M28: =M27/5 -> 1 | N28: =N27/5 -> 0
A30: NIVEL DE ACUERDO | F30: NIVEL DE ACUERDO | K30: NIVEL DE ACUERDO
A31: No. | B31: Pregunta | C31: SI | D31: NO | F31: No. | G31: Pregunta | H31: SI | I31: NO | K31: No. | L31: Pregunta | M31: SI | N31: NO
A32: 1 | B32: Todos los requerimientos han sido acordados con todos los interesados? | C32: X | F32: 1 | G32: Todos los requerimientos han sido acordados con todos los interesados? | H32: X | K32: 1 | L32: Todos los requerimientos han sido acordados con todos los interesados? | M32: X
A33: 2 | B33: Todos los requerimientos modificados han sido acordados por todos los implicados? | C33: X | F33: 2 | G33: Todos los requerimientos modificados han sido acordados por todos los implicados? | H33: X | K33: 2 | L33: Todos los requerimientos modificados han sido acordados por todos los implicados? | M33: X
A34: 3 | B34: Han sido resueltos todos los conflictos conocidos respectos de los requerimientos? | C34: X | F34: 3 | G34: Han sido resueltos todos los conflictos conocidos respectos de los requerimientos? | H34: X | K34: 3 | L34: Han sido resueltos todos los conflictos conocidos respectos de los requerimientos? | M34: X
A35: SUMATORIA: | C35: =COUNTA('MODELO LISTA DE COMPROBACION'!$C$32:$C$34) -> 3 | D35: =COUNTA('MODELO LISTA DE COMPROBACION'!$D$32:$D$34) -> 0 | F35: SUMATORIA: | H35: =COUNTA('MODELO LISTA DE COMPROBACION'!$C$32:$C$34) -> 3 | I35: =COUNTA('MODELO LISTA DE COMPROBACION'!$D$32:$D$34) -> 0 | K35: SUMATORIA: | M35: =COUNTA('MODELO LISTA DE COMPROBACION'!$C$32:$C$34) -> 3 | N35: =COUNTA('MODELO LISTA DE COMPROBACION'!$D$32:$D$34) -> 0
A36: PORCENTAJE : | C36: =C35/3 -> 1 | D36: =D35/3 -> 0 | F36: PORCENTAJE : | H36: =H35/3 -> 1 | I36: =I35/3 -> 0 | K36: PORCENTAJE : | M36: =M35/3 -> 1 | N36: =N35/3 -> 0
B40: RESUMEN | G40: RESUMEN | L40: RESUMEN
B41: CONTENIDO | C41: 100 | G41: CONTENIDO | H41: 89 | L41: CONTENIDO | M41: 89
B42: DOCUMENTACIÓN | C42: 100 | G42: DOCUMENTACIÓN | H42: 100 | L42: DOCUMENTACIÓN | M42: 100
B43: NIVEL DE ACUERDO | C43: 100 | G43: NIVEL DE ACUERDO | H43: 100 | L43: NIVEL DE ACUERDO | M43: 100

Sheet RECOMENDACIONES
A1: CU001 - Acceso al Software | E1: CU002 - Generar reportes | I1: CU003 - Generar calendario de eventos
A2: PREGUNTA | B2: RECOMENDACIÓN | E2: PREGUNTA | F2: RECOMENDACIÓN | I2: PREGUNTA | J2: RECOMENDACIÓN
A3: ¿Se han validado y aprobado formalmente todos los entregables de la entrevista (videoconferencia, minuta, acta de aceptación)? | B3: Sí, los entregables de la entrevista, incluyendo la videoconferencia, minuta y acta de aceptación, han sido validados y aprobados formalmente por los interesados. | E3: ¿Se han validado y aprobado formalmente todos los entregables de la entrevista (videoconferencia, minuta, acta de aceptación)? | F3: Sí, todos los entregables asociados a la entrevista han sido revisados, validados y aprobados formalmente por los stakeholders. | I3: ¿Se han validado y aprobado formalmente todos los entregables de la entrevista (videoconferencia, minuta, acta de aceptación)? | J3: Sí, los entregables de la entrevista han sido debidamente validados y cuentan con la aprobación formal correspondiente.
A4: ¿Se han definido criterios de aceptación y casos de prueba que permitan medir objetivamente el cumplimiento del requisito? | B4: Sí, se han definido criterios de aceptación y casos de prueba que permiten verificar de manera objetiva el correcto funcionamiento del proceso de autenticación y control de acceso. | E4: ¿Se han definido criterios de aceptación y casos de prueba que permitan medir objetivamente el cumplimiento del requisito? | F4: Sí, se han establecido criterios de aceptación y casos de prueba que permiten evaluar objetivamente la correcta generación, visualización y exportación de los reportes. | I4: ¿Se han definido criterios de aceptación y casos de prueba que permitan medir objetivamente el cumplimiento del requisito? | J4: Sí, se han definido criterios de aceptación y casos de prueba que permiten comprobar objetivamente la visualización, filtrado e interacción con el calendario de eventos.
