Workbook

Sheet Matriz Ckeck LIst
B3: MATRIZ PARA COMPROBACIÓN REQUERIMIENTOS DE CALIDAD DE PROYECTO ACADEMICO
B5: SISTEMA: | E5: Sistema de planificación y seguimiento de eventos sociales y deportivos del Club de Suboficiales Retirados (EVENTUAL)
B6: Requerimientos Funcionales
B7: Nº | C7: CRITERIOS DE CALIDAD (Documento/Requerimientos) | E7: Status Nivel de Acuerdo | F7: CU001 Acceso al software | G7: Status Nivel de Acuerdo | H7: CU003 Consultar Calendario de Eventos | I7: Status Nivel de Acuerdo | J7: CU-004: Proponer Evento
B9: 1 | C9: Agreed | E9: OK | F9: 1. Videoconferencia de la entrevista 2. Minuta de la entrevista 3. Aceptación por videoconferencia | G9: OK | H9: 1. Videoconferencia de la entrevista 2. Minuta de la entrevista 3. Aceptación por videoconferencia | I9: OK | J9: 1. Videoconferencia de la entrevista 2. Minuta de la entrevista 3. Aceptación por videoconferencia
B10: 2 | C10: Ranked | E10: OK | F10: 1. En la descripción del caso de Uso se especifica la prioridad Alta | G10: OK | H10: Prioridad declarada como "Media", diferenciada correctamente de los CU. | I10: OK | J10: Prioridad declarada como "Alta".
B11: 3 | C11: Unambiguos | E11: OK | F11: 1. Redacción en lenguaje claro. 2. El tutor y el equipo interpretan de igual manera el caso de uso | G11: NOK | H11: 1. El paso 19 tiene numeración incorrecta (debería ser 9). 2. "Vista mensual interactiva" no especifica si es navegable con scroll o solo con botones. 3. "Exportar a iCal o Google Calendar" no detalla si es descarga o sincronización. | I11: OK | J11: El formato de número de seguimiento (PRO-YYYY-NNN) es preciso. La validación de 50 caracteres mínimo es inequívoca. Los canales de notificación (App y WhatsApp) están especificados.
B12: 4 | C12: Valid and up-to date | E12: OK | F12: 1. Toda nueva información ha sido incorporada, se han incorporado los últimos cambios pedidos luego del feedback realizado por el cliente | G12: NOK | H12: Error de numeración (paso 19 en lugar de 9) indica falta de revisión. Sin control de versiones visible. | I12: NOK | J12: Redacción inconsistente: "a el presidente" en lugar de "al presidente" (aparece en múltiples lugares), sugiere falta de revisión. Sin control de versiones.
B13: 5 | C13: Correct | E13: OK | F13: 1. Está alineado con los objetivos del sistema. 2. Refleja lo que realmente necesita el cliente. | G13: OK | H13: 1. Está alineado con los objetivos del sistema. 2. Refleja lo que realmente necesita el cliente. | I13: OK | J13: 1. Está alineado con los objetivos del sistema. 2. Refleja lo que realmente necesita el cliente.
B14: 6 | C14: Consisten | E14: OK | F14: 1. Documentación basada en modelos: Diagrama de Casos de Uso 2. Usa términos definidos previamente. | G14: OK | H14: 1. Documentación basada en modelos: Diagrama de Casos de Uso 2. Usa términos definidos previamente. | I14: OK | J14: El estado "Pendiente" es coherente con el flujo descrito en comentarios (el presidente puede aprobar, rechazar o pedir más información). Los notificados (Tesorero y Presidente) son consistentes con sus roles.
B15: 7 | C15: Verifiable | E15: OK | F15: 1. El cumplimiento de este requisito puede ser verificado. Los pasos están bien definidos, y puedes probar el flujo de inicio de sesión y las verificaciones de contraseñas, tokens y estado del usuario. | G15: OK | H15: 1. Filtros por tipo de evento son testables. 2. Notificaciones en tiempos configurados son verificables. 3. Mensaje de "no hay eventos" es comprobable. | I15: OK | J15: 1. Validación de 50 caracteres es comprobable. 2. Fecha futura es verificable. 3. Generación del código PRO-YYYY-NNN es testeable. 4. Envío de notificaciones por App y WhatsApp es verificable.
B16: 8 | C16: Realizable | E16: OK | F16: 1. Funcionalidad tomada en cuenta dentro de la estimación del costo del proyecto ($1827) 2. No se ha desarrollado | G16: OK | H16: 1. Funcionalidad tomada en cuenta dentro de la estimación del costo del proyecto ($1827) 2. No se ha desarrollado | I16: OK | J16: Formulario con validaciones, generación de ID y notificaciones push/WhatsApp (vía API como Twilio) son técnicamente implementables.
B17: 9 | C17: Traceable | E17: OK | F17: 1. Es claro el origen del requisito y sus relaciones con otros requisitos (matriz de trazabilidad cliente/casos de uso y casos de uso/casos de uso) 2. Cuenta con un identificador único | G17: NOK | H17: No referencia explícitamente CU-001 (precondición de autenticación) ni los CU de creación de eventos que alimentan el calendario. | I17: NOK | J17: No referencia los CU posteriores que gestionan la propuesta (evaluación/aprobación por el presidente). No menciona el CU-001 como precondición referenciada.
B18: 10 | C18: Complete | E18: NOK | F18: 1. No menciona la duración máxima del intento de inicio de sesión si no se especifica un límite de tiempo. 2. No se menciona de qué sucede si el usuario no tiene acceso. 3. Podría explicar mejor las opciones de recuperación de cuenta o alternativas si el usuario olvida su contraseña. | G18: NOK | H18: 1. No especifica qué ocurre si el socio no tiene permisos para ver ciertos eventos. 2. El flujo de exportación (iCal/Google Calendar) no tiene su propia secuencia ni excepciones. | I18: NOK | J18: 1. No describe el flujo de "Mis Propuestas" mencionado en comentarios. 2. No especifica qué ocurre si el WhatsApp del presidente no está disponible. 3. No define límite de propuestas por socio por período.
B19: 11 | C19: Understandability | E19: OK | F19: 1. Se involucra al cliente 2. Existe glosario de términos | G19: OK | H19: 1. Se involucra al cliente 2. Existe glosario de términos | I19: OK | J19: 1. Se involucra al cliente 2. Existe glosario de términos

Sheet MODELO LISTA DE COMPROBACION 1
A1: SISTEMA: | C1: Sistema de planificación y seguimiento de eventos sociales y deportivos del Club de Suboficiales Retirados (EVENTUAL)
A2: FECHA: | C2: 46126
A3: AUTOR: | C3: Alex Cuzco
A4: REQUERIMIENTOS EVALUADOS : | C4: CU001 Acceso al software
A6: CONTENIDO
A7: No. | B7: Pregunta | C7: SI | D7: NO
A8: 1 | B8: Todos los requerimientos relevantes se han documentado? | C8: X
A9: 2 | B9: Se han implementado las funciones requeridas? | C9: X
A10: 3 | B10: Existe algún mecanismo que permita seguir el impacto de dicho requerimiento a lo largo del resto de las actividades del ciclo productivo.? | D10: X
A11: 4 | B11: El origen de cada requerimento individual está claro ? | C11: X
A12: 5 | B12: Que tan facil es devolverse a los requerimientos? | C12: X
A13: 6 | B13: Los requerimientos reflejan las necesidades y deseos del cliente? | C13: X
A14: 7 | B14: No hay contradicciones entre los requerimientos? | C14: X
A15: 8 | B15: El requerimiento que se esta especificando contribuye a alcanzar un objetivo definido ? | C15: X
A16: 9 | B16: Existe un proceso acotado (en plazo y presupuesto) que permita determinar que el sistema construido satisface lo descrito en el propio requerimiento? | C16: X
A17: SUMATORIA: | C17: =COUNTA('MODELO LISTA DE COMPROBACION 1'!$C$8:$C$16) -> 8 | D17: =COUNTA('MODELO LISTA DE COMPROBACION 1'!$D$8:$D$16) -> 1
A18: PORCENTAJE : | C18: =C17/9 -> 0.88888889 | D18: =D17/9 -> 0.11111111
A20: DOCUMENTACIÓN
A21: No. | B21: Pregunta | C21: SI | D21: NO
A22: 1 | B22: Aplica un estandar para la documetación de requerimiento? | C22: X
A23: 2 | B23: Cumple con la estructura definida por el estandar? | C23: X
A24: 3 | B24: Utiliza un Glosario de términos normalizado? | C24: X
A25: 4 | B25: Los requerimientos Funcionales estan sujetos a una única interpretación? | C25: X
A26: 5 | B26: El modelo aplicado cumple con la sintaxis? | C26: X
A27: SUMATORIA: | C27: =COUNTA('MODELO LISTA DE COMPROBACION 1'!$C$22:$C$26) -> 5 | D27: =COUNTA('MODELO LISTA DE COMPROBACION 1'!$D$22:$D$26) -> 0
A28: PORCENTAJE : | C28: =C27/5 -> 1 | D28: =D27/5 -> 0
A30: NIVEL DE ACUERDO
A31: No. | B31: Pregunta | C31: SI | D31: NO
A32: 1 | B32: Todos los requerimientos han sido acordados con todos los interesados? | C32: X
A33: 2 | B33: Todos los requerimientos modificados han sido acordados por todos los implicados? | C33: X
A34: 3 | B34: Han sido resueltos todos los conflictos conocidos respectos de los requerimientos? | C34: X
A35: SUMATORIA: | C35: =COUNTA('MODELO LISTA DE COMPROBACION 1'!$C$32:$C$34) -> 3 | D35: =COUNTA('MODELO LISTA DE COMPROBACION 1'!$D$32:$D$34) -> 0
A36: PORCENTAJE : | C36: =C35/3 -> 1 | D36: =D35/3 -> 0
B40: RESUMEN
B41: CONTENIDO | C41: 89
B42: DOCUMENTACIÓN | C42: 100
B43: NIVEL DE ACUERDO | C43: 100

Sheet MODELO LISTA DE COMPROBACION 2
A1: SISTEMA: | C1: Sistema de planificación y seguimiento de eventos sociales y deportivos del Club de Suboficiales Retirados (EVENTUAL)
A2: FECHA: | C2: 46126
A3: AUTOR: | C3: Dylan Alvarado
A4: REQUERIMIENTOS EVALUADOS : | C4: CU003 Consultar Calendario de Eventos
A6: CONTENIDO
A7: No. | B7: Pregunta | C7: SI | D7: NO
A8: 1 | B8: Todos los requerimientos relevantes se han documentado? | C8: X
A9: 2 | B9: Se han implementado las funciones requeridas? | C9: X
A10: 3 | B10: Existe algún mecanismo que permita seguir el impacto de dicho requerimiento a lo largo del resto de las actividades del ciclo productivo.? | D10: X
A11: 4 | B11: El origen de cada requerimento individual está claro ? | C11: X
A12: 5 | B12: Que tan facil es devolverse a los requerimientos? | C12: X
A13: 6 | B13: Los requerimientos reflejan las necesidades y deseos del cliente? | C13: X
A14: 7 | B14: No hay contradicciones entre los requerimientos? | C14: X
A15: 8 | B15: El requerimiento que se esta especificando contribuye a alcanzar un objetivo definido ? | C15: X
A16: 9 | B16: Existe un proceso acotado (en plazo y presupuesto) que permita determinar que el sistema construido satisface lo descrito en el propio requerimiento? | C16: X
A17: SUMATORIA: | C17: =COUNTA('MODELO LISTA DE COMPROBACION 2'!$C$8:$C$16) -> 8 | D17: =COUNTA('MODELO LISTA DE COMPROBACION 2'!$D$8:$D$16) -> 1
A18: PORCENTAJE : | C18: =C17/9 -> 0.88888889 | D18: =D17/9 -> 0.11111111
A20: DOCUMENTACIÓN
A21: No. | B21: Pregunta | C21: SI | D21: NO
A22: 1 | B22: Aplica un estandar para la documetación de requerimiento? | C22: X
A23: 2 | B23: Cumple con la estructura definida por el estandar? | C23: X
A24: 3 | B24: Utiliza un Glosario de términos normalizado? | C24: X
A25: 4 | B25: Los requerimientos Funcionales estan sujetos a una única interpretación? | D25: X
A26: 5 | B26: El modelo aplicado cumple con la sintaxis? | C26: X
A27: SUMATORIA: | C27: 4 | D27: 1
A28: PORCENTAJE : | C28: =C27/5 -> 0.8 | D28: =D27/5 -> 0.2
A30: NIVEL DE ACUERDO
A31: No. | B31: Pregunta | C31: SI | D31: NO
A32: 1 | B32: Todos los requerimientos han sido acordados con todos los interesados? | C32: X
A33: 2 | B33: Todos los requerimientos modificados han sido acordados por todos los implicados? | C33: X
A34: 3 | B34: Han sido resueltos todos los conflictos conocidos respectos de los requerimientos? | D34: X
A35: SUMATORIA: | C35: 2 | D35: 1
A36: PORCENTAJE : | C36: =C35/3 -> 0.66666667 | D36: =D35/3 -> 0.33333333
B40: RESUMEN
B41: CONTENIDO | C41: 89
B42: DOCUMENTACIÓN | C42: 80
B43: NIVEL DE ACUERDO | C43: 67

Sheet MODELO LISTA DE COMPROBACION 3
A1: SISTEMA: | C1: Sistema de planificación y seguimiento de eventos sociales y deportivos del Club de Suboficiales Retirados (EVENTUAL)
A2: FECHA: | C2: 46126
A3: AUTOR: | C3: Pablo Domínguez
A4: REQUERIMIENTOS EVALUADOS : | C4: CU-004: Proponer Evento
A6: CONTENIDO
A7: No. | B7: Pregunta | C7: SI | D7: NO
A8: 1 | B8: Todos los requerimientos relevantes se han documentado? | C8: X
A9: 2 | B9: Se han implementado las funciones requeridas? | C9: X
A10: 3 | B10: Existe algún mecanismo que permita seguir el impacto de dicho requerimiento a lo largo del resto de las actividades del ciclo productivo.? | D10: X
A11: 4 | B11: El origen de cada requerimento individual está claro ? | C11: X
A12: 5 | B12: Que tan facil es devolverse a los requerimientos? | C12: X
A13: 6 | B13: Los requerimientos reflejan las necesidades y deseos del cliente? | C13: X
A14: 7 | B14: No hay contradicciones entre los requerimientos? | C14: X
A15: 8 | B15: El requerimiento que se esta especificando contribuye a alcanzar un objetivo definido ? | C15: X
A16: 9 | B16: Existe un proceso acotado (en plazo y presupuesto) que permita determinar que el sistema construido satisface lo descrito en el propio requerimiento? | C16: X
A17: SUMATORIA: | C17: 8 | D17: 1
A18: PORCENTAJE : | C18: =C17/9 -> 0.88888889 | D18: =D17/9 -> 0.11111111
A20: DOCUMENTACIÓN
A21: No. | B21: Pregunta | C21: SI | D21: NO
A22: 1 | B22: Aplica un estandar para la documetación de requerimiento? | C22: X
A23: 2 | B23: Cumple con la estructura definida por el estandar? | C23: X
A24: 3 | B24: Utiliza un Glosario de términos normalizado? | C24: X
A25: 4 | B25: Los requerimientos Funcionales estan sujetos a una única interpretación? | C25: X
A26: 5 | B26: El modelo aplicado cumple con la sintaxis? | C26: X
A27: SUMATORIA: | C27: 5 | D27: 0
A28: PORCENTAJE : | C28: =C27/5 -> 1 | D28: =D27/5 -> 0
A30: NIVEL DE ACUERDO
A31: No. | B31: Pregunta | C31: SI | D31: NO
A32: 1 | B32: Todos los requerimientos han sido acordados con todos los interesados? | C32: X
A33: 2 | B33: Todos los requerimientos modificados han sido acordados por todos los implicados? | C33: X
A34: 3 | B34: Han sido resueltos todos los conflictos conocidos respectos de los requerimientos? | D34: X
A35: SUMATORIA: | C35: 2 | D35: =COUNTA(#REF!) -> 1
A36: PORCENTAJE : | C36: =C35/3 -> 0.66666667 | D36: =D35/3 -> 0.33333333
B40: RESUMEN
B41: CONTENIDO | C41: 89
B42: DOCUMENTACIÓN | C42: 100
B43: NIVEL DE ACUERDO | C43: 67

Sheet RECOMENDACIONES
A1: CU001 Acceso al Software
A2: PREGUNTA | B2: RECOMENDACIÓN
A3: ¿El caso de uso define adecuadamente los escenarios en los que el usuario no tiene acceso y cómo se manejarán esos casos? | B3: Incorporar detalles adicionales sobre las opciones de recuperación de cuenta, como el restablecimiento de contraseña o el contacto con un administrador, además de especificar el tiempo máximo de intento de inicio de sesión para evitar bloqueos indeterminados.
A5: CU003 Consultar Calendario de Eventos
A6: PREGUNTA | B6: RECOMENDACIÓN
A7: ¿Se ha considerado la necesidad de referencia explícita a los requisitos previos necesarios (como la autenticación) y la interacción con otros módulos, como la creación de eventos? | B7: Es crucial especificar explícitamente los pasos de autenticación y cómo se relaciona con los módulos de creación de eventos, que son esenciales para alimentar el calendario de actividades.
A8: ¿Está definido claramente el comportamiento del sistema cuando un usuario no tiene permisos para visualizar ciertos eventos? | B8: Definir y explicar claramente qué sucede cuando un usuario no tiene permisos para ciertos eventos, y proporcionar un mensaje de error o advertencia adecuado para el usuario en ese caso.
A9: ¿Se ha detallado correctamente el flujo de exportación de eventos y las opciones de sincronización (iCal/Google Calendar)? | B9: Debe incluirse más detalle sobre cómo se realiza la exportación de eventos, especificando si se permite la sincronización o descarga, y si existen excepciones a este proceso.
A10: ¿Se ha revisado la numeración y secuencia de los pasos en el caso de uso para asegurar que no haya errores ni confusión? | B10: Es importante corregir la numeración de los pasos en el flujo de trabajo, asegurando que cada acción esté correctamente ordenada y revisada para evitar confusiones. También, se debe añadir un control de versiones visible para mejorar el seguimiento.
A13: CU-004: Proponer Evento
A14: PREGUNTA | B14: RECOMENDACIÓN
A15: ¿Se hace referencia explícita a los casos de uso anteriores que gestionan la propuesta, como la evaluación o aprobación por el presidente? | B15: Es importante que el caso de uso referencie explícitamente los casos de uso previos que gestionan las actividades posteriores, como la evaluación y aprobación de la propuesta, para dar claridad sobre el flujo completo.
A16: ¿Se describen correctamente los flujos posteriores a la propuesta, como la aprobación por el presidente o los límites de propuestas por socio? | B16: El caso de uso debe detallar de manera clara los flujos de aprobación o acciones de seguimiento de la propuesta (como WhatsApp del presidente o límites de propuestas por socio). Además, debe aclararse qué sucede si un canal como WhatsApp no está disponible.
A17: ¿Se especifica el límite de propuestas por socio y el flujo correcto de las mismas para asegurar una distribución equitativa? | B17: Es importante que el caso de uso defina un límite claro de propuestas por socio para evitar excesos y asegurar una distribución equitativa de las propuestas. También debe detallarse el flujo correcto en el sistema para asegurar que el socio solo pueda presentar propuestas dentro de esos límites.
